CREATE DATABASE  IF NOT EXISTS `improok-social-media` /*!40100 DEFAULT CHARACTER SET utf8mb4 COLLATE utf8mb4_unicode_ci */ /*!80016 DEFAULT ENCRYPTION='N' */;
USE `improok-social-media`;
-- MySQL dump 10.13  Distrib 8.0.31, for Win64 (x86_64)
--
-- Host: localhost    Database: improok-social-media
-- ------------------------------------------------------
-- Server version	8.0.33

/*!40101 SET @OLD_CHARACTER_SET_CLIENT=@@CHARACTER_SET_CLIENT */;
/*!40101 SET @OLD_CHARACTER_SET_RESULTS=@@CHARACTER_SET_RESULTS */;
/*!40101 SET @OLD_COLLATION_CONNECTION=@@COLLATION_CONNECTION */;
/*!50503 SET NAMES utf8 */;
/*!40103 SET @OLD_TIME_ZONE=@@TIME_ZONE */;
/*!40103 SET TIME_ZONE='+00:00' */;
/*!40014 SET @OLD_UNIQUE_CHECKS=@@UNIQUE_CHECKS, UNIQUE_CHECKS=0 */;
/*!40014 SET @OLD_FOREIGN_KEY_CHECKS=@@FOREIGN_KEY_CHECKS, FOREIGN_KEY_CHECKS=0 */;
/*!40101 SET @OLD_SQL_MODE=@@SQL_MODE, SQL_MODE='NO_AUTO_VALUE_ON_ZERO' */;
/*!40111 SET @OLD_SQL_NOTES=@@SQL_NOTES, SQL_NOTES=0 */;

--
-- Table structure for table `auth_group`
--

DROP TABLE IF EXISTS `auth_group`;
/*!40101 SET @saved_cs_client     = @@character_set_client */;
/*!50503 SET character_set_client = utf8mb4 */;
CREATE TABLE `auth_group` (
  `id` int NOT NULL AUTO_INCREMENT,
  `name` varchar(150) COLLATE utf8mb4_unicode_ci NOT NULL,
  PRIMARY KEY (`id`),
  UNIQUE KEY `name` (`name`)
) ENGINE=InnoDB DEFAULT CHARSET=utf8mb4 COLLATE=utf8mb4_unicode_ci;
/*!40101 SET character_set_client = @saved_cs_client */;

--
-- Dumping data for table `auth_group`
--

LOCK TABLES `auth_group` WRITE;
/*!40000 ALTER TABLE `auth_group` DISABLE KEYS */;
/*!40000 ALTER TABLE `auth_group` ENABLE KEYS */;
UNLOCK TABLES;

--
-- Table structure for table `auth_group_permissions`
--

DROP TABLE IF EXISTS `auth_group_permissions`;
/*!40101 SET @saved_cs_client     = @@character_set_client */;
/*!50503 SET character_set_client = utf8mb4 */;
CREATE TABLE `auth_group_permissions` (
  `id` bigint NOT NULL AUTO_INCREMENT,
  `group_id` int NOT NULL,
  `permission_id` int NOT NULL,
  PRIMARY KEY (`id`),
  UNIQUE KEY `auth_group_permissions_group_id_permission_id_0cd325b0_uniq` (`group_id`,`permission_id`),
  KEY `auth_group_permissio_permission_id_84c5c92e_fk_auth_perm` (`permission_id`),
  CONSTRAINT `auth_group_permissio_permission_id_84c5c92e_fk_auth_perm` FOREIGN KEY (`permission_id`) REFERENCES `auth_permission` (`id`),
  CONSTRAINT `auth_group_permissions_group_id_b120cbf9_fk_auth_group_id` FOREIGN KEY (`group_id`) REFERENCES `auth_group` (`id`)
) ENGINE=InnoDB DEFAULT CHARSET=utf8mb4 COLLATE=utf8mb4_unicode_ci;
/*!40101 SET character_set_client = @saved_cs_client */;

--
-- Dumping data for table `auth_group_permissions`
--

LOCK TABLES `auth_group_permissions` WRITE;
/*!40000 ALTER TABLE `auth_group_permissions` DISABLE KEYS */;
/*!40000 ALTER TABLE `auth_group_permissions` ENABLE KEYS */;
UNLOCK TABLES;

--
-- Table structure for table `auth_permission`
--

DROP TABLE IF EXISTS `auth_permission`;
/*!40101 SET @saved_cs_client     = @@character_set_client */;
/*!50503 SET character_set_client = utf8mb4 */;
CREATE TABLE `auth_permission` (
  `id` int NOT NULL AUTO_INCREMENT,
  `name` varchar(255) COLLATE utf8mb4_unicode_ci NOT NULL,
  `content_type_id` int NOT NULL,
  `codename` varchar(100) COLLATE utf8mb4_unicode_ci NOT NULL,
  PRIMARY KEY (`id`),
  UNIQUE KEY `auth_permission_content_type_id_codename_01ab375a_uniq` (`content_type_id`,`codename`),
  CONSTRAINT `auth_permission_content_type_id_2f476e4b_fk_django_co` FOREIGN KEY (`content_type_id`) REFERENCES `django_content_type` (`id`)
) ENGINE=InnoDB AUTO_INCREMENT=113 DEFAULT CHARSET=utf8mb4 COLLATE=utf8mb4_unicode_ci;
/*!40101 SET character_set_client = @saved_cs_client */;

--
-- Dumping data for table `auth_permission`
--

LOCK TABLES `auth_permission` WRITE;
/*!40000 ALTER TABLE `auth_permission` DISABLE KEYS */;
INSERT INTO `auth_permission` VALUES (1,'Can add log entry',1,'add_logentry'),(2,'Can change log entry',1,'change_logentry'),(3,'Can delete log entry',1,'delete_logentry'),(4,'Can view log entry',1,'view_logentry'),(5,'Can add permission',2,'add_permission'),(6,'Can change permission',2,'change_permission'),(7,'Can delete permission',2,'delete_permission'),(8,'Can view permission',2,'view_permission'),(9,'Can add group',3,'add_group'),(10,'Can change group',3,'change_group'),(11,'Can delete group',3,'delete_group'),(12,'Can view group',3,'view_group'),(13,'Can add content type',4,'add_contenttype'),(14,'Can change content type',4,'change_contenttype'),(15,'Can delete content type',4,'delete_contenttype'),(16,'Can view content type',4,'view_contenttype'),(17,'Can add session',5,'add_session'),(18,'Can change session',5,'change_session'),(19,'Can delete session',5,'delete_session'),(20,'Can view session',5,'view_session'),(21,'Can add user',6,'add_user'),(22,'Can change user',6,'change_user'),(23,'Can delete user',6,'delete_user'),(24,'Can view user',6,'view_user'),(25,'Can add invitation group',7,'add_invitationgroup'),(26,'Can change invitation group',7,'change_invitationgroup'),(27,'Can delete invitation group',7,'delete_invitationgroup'),(28,'Can view invitation group',7,'view_invitationgroup'),(29,'Can add post',8,'add_post'),(30,'Can change post',8,'change_post'),(31,'Can delete post',8,'delete_post'),(32,'Can view post',8,'view_post'),(33,'Can add post survey',9,'add_postsurvey'),(34,'Can change post survey',9,'change_postsurvey'),(35,'Can delete post survey',9,'delete_postsurvey'),(36,'Can view post survey',9,'view_postsurvey'),(37,'Can add reaction',10,'add_reaction'),(38,'Can change reaction',10,'change_reaction'),(39,'Can delete reaction',10,'delete_reaction'),(40,'Can view reaction',10,'view_reaction'),(41,'Can add role',11,'add_role'),(42,'Can change role',11,'change_role'),(43,'Can delete role',11,'delete_role'),(44,'Can view role',11,'view_role'),(45,'Can add survey answer',12,'add_surveyanswer'),(46,'Can change survey answer',12,'change_surveyanswer'),(47,'Can delete survey answer',12,'delete_surveyanswer'),(48,'Can view survey answer',12,'view_surveyanswer'),(49,'Can add survey question',13,'add_surveyquestion'),(50,'Can change survey question',13,'change_surveyquestion'),(51,'Can delete survey question',13,'delete_surveyquestion'),(52,'Can view survey question',13,'view_surveyquestion'),(53,'Can add survey question type',14,'add_surveyquestiontype'),(54,'Can change survey question type',14,'change_surveyquestiontype'),(55,'Can delete survey question type',14,'delete_surveyquestiontype'),(56,'Can view survey question type',14,'view_surveyquestiontype'),(57,'Can add survey response',15,'add_surveyresponse'),(58,'Can change survey response',15,'change_surveyresponse'),(59,'Can delete survey response',15,'delete_surveyresponse'),(60,'Can view survey response',15,'view_surveyresponse'),(61,'Can add survey question option',16,'add_surveyquestionoption'),(62,'Can change survey question option',16,'change_surveyquestionoption'),(63,'Can delete survey question option',16,'delete_surveyquestionoption'),(64,'Can view survey question option',16,'view_surveyquestionoption'),(65,'Can add post reaction',17,'add_postreaction'),(66,'Can change post reaction',17,'change_postreaction'),(67,'Can delete post reaction',17,'delete_postreaction'),(68,'Can view post reaction',17,'view_postreaction'),(69,'Can add post invitation',18,'add_postinvitation'),(70,'Can change post invitation',18,'change_postinvitation'),(71,'Can delete post invitation',18,'delete_postinvitation'),(72,'Can view post invitation',18,'view_postinvitation'),(73,'Can add post image',19,'add_postimage'),(74,'Can change post image',19,'change_postimage'),(75,'Can delete post image',19,'delete_postimage'),(76,'Can view post image',19,'view_postimage'),(77,'Can add comment',20,'add_comment'),(78,'Can change comment',20,'change_comment'),(79,'Can delete comment',20,'delete_comment'),(80,'Can view comment',20,'view_comment'),(81,'Can add account',21,'add_account'),(82,'Can change account',21,'change_account'),(83,'Can delete account',21,'delete_account'),(84,'Can view account',21,'view_account'),(85,'Can add alumni account',22,'add_alumniaccount'),(86,'Can change alumni account',22,'change_alumniaccount'),(87,'Can delete alumni account',22,'delete_alumniaccount'),(88,'Can view alumni account',22,'view_alumniaccount'),(89,'Can add confirm status',23,'add_confirmstatus'),(90,'Can change confirm status',23,'change_confirmstatus'),(91,'Can delete confirm status',23,'delete_confirmstatus'),(92,'Can view confirm status',23,'view_confirmstatus'),(93,'Can add application',24,'add_application'),(94,'Can change application',24,'change_application'),(95,'Can delete application',24,'delete_application'),(96,'Can view application',24,'view_application'),(97,'Can add access token',25,'add_accesstoken'),(98,'Can change access token',25,'change_accesstoken'),(99,'Can delete access token',25,'delete_accesstoken'),(100,'Can view access token',25,'view_accesstoken'),(101,'Can add grant',26,'add_grant'),(102,'Can change grant',26,'change_grant'),(103,'Can delete grant',26,'delete_grant'),(104,'Can view grant',26,'view_grant'),(105,'Can add refresh token',27,'add_refreshtoken'),(106,'Can change refresh token',27,'change_refreshtoken'),(107,'Can delete refresh token',27,'delete_refreshtoken'),(108,'Can view refresh token',27,'view_refreshtoken'),(109,'Can add id token',28,'add_idtoken'),(110,'Can change id token',28,'change_idtoken'),(111,'Can delete id token',28,'delete_idtoken'),(112,'Can view id token',28,'view_idtoken');
/*!40000 ALTER TABLE `auth_permission` ENABLE KEYS */;
UNLOCK TABLES;

--
-- Table structure for table `django_admin_log`
--

DROP TABLE IF EXISTS `django_admin_log`;
/*!40101 SET @saved_cs_client     = @@character_set_client */;
/*!50503 SET character_set_client = utf8mb4 */;
CREATE TABLE `django_admin_log` (
  `id` int NOT NULL AUTO_INCREMENT,
  `action_time` datetime(6) NOT NULL,
  `object_id` longtext COLLATE utf8mb4_unicode_ci,
  `object_repr` varchar(200) COLLATE utf8mb4_unicode_ci NOT NULL,
  `action_flag` smallint unsigned NOT NULL,
  `change_message` longtext COLLATE utf8mb4_unicode_ci NOT NULL,
  `content_type_id` int DEFAULT NULL,
  `user_id` bigint NOT NULL,
  PRIMARY KEY (`id`),
  KEY `django_admin_log_content_type_id_c4bce8eb_fk_django_co` (`content_type_id`),
  KEY `django_admin_log_user_id_c564eba6_fk_social_media_user_id` (`user_id`),
  CONSTRAINT `django_admin_log_content_type_id_c4bce8eb_fk_django_co` FOREIGN KEY (`content_type_id`) REFERENCES `django_content_type` (`id`),
  CONSTRAINT `django_admin_log_user_id_c564eba6_fk_social_media_user_id` FOREIGN KEY (`user_id`) REFERENCES `social_media_user` (`id`),
  CONSTRAINT `django_admin_log_chk_1` CHECK ((`action_flag` >= 0))
) ENGINE=InnoDB AUTO_INCREMENT=23 DEFAULT CHARSET=utf8mb4 COLLATE=utf8mb4_unicode_ci;
/*!40101 SET character_set_client = @saved_cs_client */;

--
-- Dumping data for table `django_admin_log`
--

LOCK TABLES `django_admin_log` WRITE;
/*!40000 ALTER TABLE `django_admin_log` DISABLE KEYS */;
INSERT INTO `django_admin_log` VALUES (1,'2023-12-05 01:54:11.303447','1','Group A',1,'[{\"added\": {}}]',7,1),(2,'2023-12-05 01:54:17.475192','2','Group B',1,'[{\"added\": {}}]',7,1),(3,'2023-12-05 01:55:43.155542','3','group C',1,'[{\"added\": {}}]',7,1),(4,'2023-12-05 01:57:49.742585','1','Group A',2,'[{\"added\": {\"name\": \"account-invitationgroup relationship\", \"object\": \"Account_group_account object (1)\"}}]',7,1),(5,'2023-12-05 01:58:13.538724','1','Group A',2,'[{\"added\": {\"name\": \"account-invitationgroup relationship\", \"object\": \"Account_group_account object (2)\"}}]',7,1),(6,'2023-12-05 02:04:14.144737','9','<p>POST INVITATION + 3 Post Image</p>',1,'[{\"added\": {}}, {\"added\": {\"name\": \"post image\", \"object\": \"images/post_images/2023/12/FURINA.png\"}}, {\"added\": {\"name\": \"post image\", \"object\": \"images/post_images/2023/12/Screenshot_2023-11-09_011731_qYfvcnH.png\"}}, {\"added\": {\"name\": \"post image\", \"object\": \"images/post_images/2023/12/Screenshot_2023-12-02_163517_859smi0.png\"}}, {\"added\": {\"name\": \"post invitation\", \"object\": \"Invitation event\"}}]',8,1),(7,'2023-12-05 02:05:23.581520','1','Invitation event',2,'[{\"added\": {\"name\": \"account-postinvitation relationship\", \"object\": \"Account_invitation_account object (1)\"}}, {\"added\": {\"name\": \"account-postinvitation relationship\", \"object\": \"Account_invitation_account object (2)\"}}]',18,1),(8,'2023-12-05 02:05:39.446511','1','Invitation first event',2,'[{\"changed\": {\"fields\": [\"Event name\"]}}]',18,1),(9,'2023-12-05 02:11:00.066470','5','Not input text type (Tại sao bạn được GPA như zậy? (multi choice) - tuan1 - Khảo sát GPA) ',2,'[{\"added\": {\"name\": \"surveyquestionoption-surveyanswer relationship\", \"object\": \"SurveyQuestionOption_survey_answer_option object (1)\"}}]',12,1),(10,'2023-12-05 02:11:21.730067','4','Not input text type (GPA của bạn là bao nhiêu ( checkbox question )? - tuan1 - Khảo sát GPA) ',2,'[{\"added\": {\"name\": \"surveyquestionoption-surveyanswer relationship\", \"object\": \"SurveyQuestionOption_survey_answer_option object (2)\"}}, {\"added\": {\"name\": \"surveyquestionoption-surveyanswer relationship\", \"object\": \"SurveyQuestionOption_survey_answer_option object (3)\"}}]',12,1),(11,'2023-12-05 02:17:28.700884','3','Ôi bài Post Invitation này hay quá',1,'[{\"added\": {}}]',20,1),(12,'2023-12-05 02:17:52.243105','3','Ôi bài Post Invitation này hay quá\r\nÔi bài Post Invitation này hay quá\r\nÔi bài Post Invitation này hay quá\r\nÔi bài Post Invitation này hay quá\r\nÔi bài Post Invitation này hay quá\r\nÔi bài Post Invitati',2,'[{\"changed\": {\"fields\": [\"Comment content\"]}}]',20,1),(13,'2023-12-07 10:34:51.534818','5','tuanpassword',1,'[{\"added\": {}}]',6,1),(14,'2023-12-07 10:35:55.653614','5','099999',1,'[{\"added\": {}}]',21,1),(15,'2023-12-07 10:36:03.894407','5','099999',2,'[]',21,1),(16,'2023-12-07 10:37:31.492940','5','tuanpasswordfails',2,'[{\"changed\": {\"fields\": [\"Username\"]}}]',6,1),(17,'2023-12-07 10:50:47.866383','6','tuanpassword1',1,'[{\"added\": {}}]',6,1),(18,'2023-12-10 12:46:32.700082','6','images/post_images/2023/12/Screenshot_2023-12-02_163517_gIEG6wZ.png',1,'[{\"added\": {}}]',19,1),(19,'2023-12-12 12:47:25.935361','1','Group A',2,'[{\"changed\": {\"fields\": [\"Accounts\"]}}]',7,1),(20,'2023-12-12 12:47:48.452391','1','Group A',2,'[{\"changed\": {\"fields\": [\"Accounts\"]}}]',7,1),(21,'2023-12-12 12:48:03.456924','2','Group B',2,'[{\"changed\": {\"fields\": [\"Accounts\"]}}]',7,1),(22,'2023-12-12 12:48:08.547529','3','group C',2,'[{\"changed\": {\"fields\": [\"Accounts\"]}}]',7,1);
/*!40000 ALTER TABLE `django_admin_log` ENABLE KEYS */;
UNLOCK TABLES;

--
-- Table structure for table `django_content_type`
--

DROP TABLE IF EXISTS `django_content_type`;
/*!40101 SET @saved_cs_client     = @@character_set_client */;
/*!50503 SET character_set_client = utf8mb4 */;
CREATE TABLE `django_content_type` (
  `id` int NOT NULL AUTO_INCREMENT,
  `app_label` varchar(100) COLLATE utf8mb4_unicode_ci NOT NULL,
  `model` varchar(100) COLLATE utf8mb4_unicode_ci NOT NULL,
  PRIMARY KEY (`id`),
  UNIQUE KEY `django_content_type_app_label_model_76bd3d3b_uniq` (`app_label`,`model`)
) ENGINE=InnoDB AUTO_INCREMENT=29 DEFAULT CHARSET=utf8mb4 COLLATE=utf8mb4_unicode_ci;
/*!40101 SET character_set_client = @saved_cs_client */;

--
-- Dumping data for table `django_content_type`
--

LOCK TABLES `django_content_type` WRITE;
/*!40000 ALTER TABLE `django_content_type` DISABLE KEYS */;
INSERT INTO `django_content_type` VALUES (1,'admin','logentry'),(3,'auth','group'),(2,'auth','permission'),(4,'contenttypes','contenttype'),(25,'oauth2_provider','accesstoken'),(24,'oauth2_provider','application'),(26,'oauth2_provider','grant'),(28,'oauth2_provider','idtoken'),(27,'oauth2_provider','refreshtoken'),(5,'sessions','session'),(21,'social_media','account'),(22,'social_media','alumniaccount'),(20,'social_media','comment'),(23,'social_media','confirmstatus'),(7,'social_media','invitationgroup'),(8,'social_media','post'),(19,'social_media','postimage'),(18,'social_media','postinvitation'),(17,'social_media','postreaction'),(9,'social_media','postsurvey'),(10,'social_media','reaction'),(11,'social_media','role'),(12,'social_media','surveyanswer'),(13,'social_media','surveyquestion'),(16,'social_media','surveyquestionoption'),(14,'social_media','surveyquestiontype'),(15,'social_media','surveyresponse'),(6,'social_media','user');
/*!40000 ALTER TABLE `django_content_type` ENABLE KEYS */;
UNLOCK TABLES;

--
-- Table structure for table `django_migrations`
--

DROP TABLE IF EXISTS `django_migrations`;
/*!40101 SET @saved_cs_client     = @@character_set_client */;
/*!50503 SET character_set_client = utf8mb4 */;
CREATE TABLE `django_migrations` (
  `id` bigint NOT NULL AUTO_INCREMENT,
  `app` varchar(255) COLLATE utf8mb4_unicode_ci NOT NULL,
  `name` varchar(255) COLLATE utf8mb4_unicode_ci NOT NULL,
  `applied` datetime(6) NOT NULL,
  PRIMARY KEY (`id`)
) ENGINE=InnoDB AUTO_INCREMENT=40 DEFAULT CHARSET=utf8mb4 COLLATE=utf8mb4_unicode_ci;
/*!40101 SET character_set_client = @saved_cs_client */;

--
-- Dumping data for table `django_migrations`
--

LOCK TABLES `django_migrations` WRITE;
/*!40000 ALTER TABLE `django_migrations` DISABLE KEYS */;
INSERT INTO `django_migrations` VALUES (1,'contenttypes','0001_initial','2023-12-03 13:30:54.317629'),(2,'contenttypes','0002_remove_content_type_name','2023-12-03 13:30:54.348880'),(3,'auth','0001_initial','2023-12-03 13:30:54.443078'),(4,'auth','0002_alter_permission_name_max_length','2023-12-03 13:30:54.474327'),(5,'auth','0003_alter_user_email_max_length','2023-12-03 13:30:54.474327'),(6,'auth','0004_alter_user_username_opts','2023-12-03 13:30:54.474327'),(7,'auth','0005_alter_user_last_login_null','2023-12-03 13:30:54.489999'),(8,'auth','0006_require_contenttypes_0002','2023-12-03 13:30:54.493041'),(9,'auth','0007_alter_validators_add_error_messages','2023-12-03 13:30:54.493041'),(10,'auth','0008_alter_user_username_max_length','2023-12-03 13:30:54.506050'),(11,'auth','0009_alter_user_last_name_max_length','2023-12-03 13:30:54.506050'),(12,'auth','0010_alter_group_name_max_length','2023-12-03 13:30:54.521712'),(13,'auth','0011_update_proxy_permissions','2023-12-03 13:30:54.521712'),(14,'auth','0012_alter_user_first_name_max_length','2023-12-03 13:30:54.537308'),(15,'social_media','0001_initial','2023-12-03 13:30:55.604673'),(16,'admin','0001_initial','2023-12-03 13:30:55.698831'),(17,'admin','0002_logentry_remove_auto_add','2023-12-03 13:30:55.714473'),(18,'admin','0003_logentry_add_action_flag_choices','2023-12-03 13:30:55.730093'),(19,'sessions','0001_initial','2023-12-03 13:30:55.776967'),(20,'social_media','0002_account_alumniaccount_confirmstatus_groupaccount_and_more','2023-12-03 13:30:57.392628'),(21,'social_media','0003_account_account_status','2023-12-03 13:30:57.440018'),(22,'social_media','0004_comment_comment_image_url_alter_account_avatar_and_more','2023-12-03 13:30:57.643949'),(23,'social_media','0005_alter_account_avatar_alter_account_cover_avatar_and_more','2023-12-03 13:30:57.740043'),(24,'social_media','0006_remove_postsurvey_post_survey_status_and_more','2023-12-03 13:30:57.863835'),(25,'social_media','0007_alter_surveyanswer_question_option_value','2023-12-03 13:30:57.879475'),(26,'social_media','0008_alter_surveyanswer_question_option_value','2023-12-03 13:30:57.895137'),(27,'social_media','0009_remove_invitationaccount_account_and_more','2023-12-03 13:30:58.413228'),(28,'social_media','0010_alter_account_group_account_and_more','2023-12-03 13:30:58.475775'),(29,'social_media','0011_alter_account_group_account_and_more','2023-12-03 13:30:58.538679'),(30,'social_media','0012_alter_comment_comment_content_and_more','2023-12-05 02:15:09.429543'),(31,'oauth2_provider','0001_initial','2023-12-09 11:28:31.801593'),(32,'oauth2_provider','0002_auto_20190406_1805','2023-12-09 11:28:31.858138'),(33,'oauth2_provider','0003_auto_20201211_1314','2023-12-09 11:28:31.939136'),(34,'oauth2_provider','0004_auto_20200902_2022','2023-12-09 11:28:32.222162'),(35,'oauth2_provider','0005_auto_20211222_2352','2023-12-09 11:28:32.304365'),(36,'oauth2_provider','0006_alter_application_client_secret','2023-12-09 11:28:32.337879'),(37,'oauth2_provider','0007_application_post_logout_redirect_uris','2023-12-09 11:28:32.402542'),(38,'social_media','0013_remove_account_group_account_and_more','2023-12-12 12:38:26.937512'),(39,'social_media','0014_rename_account_postinvitation_accounts','2023-12-12 12:41:24.296464');
/*!40000 ALTER TABLE `django_migrations` ENABLE KEYS */;
UNLOCK TABLES;

--
-- Table structure for table `django_session`
--

DROP TABLE IF EXISTS `django_session`;
/*!40101 SET @saved_cs_client     = @@character_set_client */;
/*!50503 SET character_set_client = utf8mb4 */;
CREATE TABLE `django_session` (
  `session_key` varchar(40) COLLATE utf8mb4_unicode_ci NOT NULL,
  `session_data` longtext COLLATE utf8mb4_unicode_ci NOT NULL,
  `expire_date` datetime(6) NOT NULL,
  PRIMARY KEY (`session_key`),
  KEY `django_session_expire_date_a5c62663` (`expire_date`)
) ENGINE=InnoDB DEFAULT CHARSET=utf8mb4 COLLATE=utf8mb4_unicode_ci;
/*!40101 SET character_set_client = @saved_cs_client */;

--
-- Dumping data for table `django_session`
--

LOCK TABLES `django_session` WRITE;
/*!40000 ALTER TABLE `django_session` DISABLE KEYS */;
INSERT INTO `django_session` VALUES ('bmybxp5zgcysy5c4n54hqlg221ogglds','.eJxVjMEOwiAQRP-FsyGwBQSP3v0GsiyLVA1NSnsy_rtt0oPeJvPezFtEXJca185zHLO4CC1Ov11CenLbQX5gu0-SprbMY5K7Ig_a5W3K_Loe7t9BxV639VAyFtYuK-M9lmTAOQ96y3Q2SArYB0oBgKy1Shd0OLAKhqEYk20Qny_tJjfV:1rARpw:cz0K-I8fFuMxe6ZDQwohYjPTW07LymzcsIC-SEWwab4','2023-12-19 09:35:28.903416'),('k24tezr940kyev3ioatmovpj1m62y48r','.eJxVjMEOwiAQRP-FsyGwBQSP3v0GsiyLVA1NSnsy_rtt0oPeJvPezFtEXJca185zHLO4CC1Ov11CenLbQX5gu0-SprbMY5K7Ig_a5W3K_Loe7t9BxV639VAyFtYuK-M9lmTAOQ96y3Q2SArYB0oBgKy1Shd0OLAKhqEYk20Qny_tJjfV:1r9mgQ:h4nYqcSXDwpN_LvtJr6DGnCoMhr2JAKiDDyYhgscSuY','2023-12-17 13:38:54.294590');
/*!40000 ALTER TABLE `django_session` ENABLE KEYS */;
UNLOCK TABLES;

--
-- Table structure for table `oauth2_provider_accesstoken`
--

DROP TABLE IF EXISTS `oauth2_provider_accesstoken`;
/*!40101 SET @saved_cs_client     = @@character_set_client */;
/*!50503 SET character_set_client = utf8mb4 */;
CREATE TABLE `oauth2_provider_accesstoken` (
  `id` bigint NOT NULL AUTO_INCREMENT,
  `token` varchar(255) COLLATE utf8mb4_unicode_ci NOT NULL,
  `expires` datetime(6) NOT NULL,
  `scope` longtext COLLATE utf8mb4_unicode_ci NOT NULL,
  `application_id` bigint DEFAULT NULL,
  `user_id` bigint DEFAULT NULL,
  `created` datetime(6) NOT NULL,
  `updated` datetime(6) NOT NULL,
  `source_refresh_token_id` bigint DEFAULT NULL,
  `id_token_id` bigint DEFAULT NULL,
  PRIMARY KEY (`id`),
  UNIQUE KEY `token` (`token`),
  UNIQUE KEY `source_refresh_token_id` (`source_refresh_token_id`),
  UNIQUE KEY `id_token_id` (`id_token_id`),
  KEY `oauth2_provider_acce_application_id_b22886e1_fk_oauth2_pr` (`application_id`),
  KEY `oauth2_provider_acce_user_id_6e4c9a65_fk_social_me` (`user_id`),
  CONSTRAINT `oauth2_provider_acce_application_id_b22886e1_fk_oauth2_pr` FOREIGN KEY (`application_id`) REFERENCES `oauth2_provider_application` (`id`),
  CONSTRAINT `oauth2_provider_acce_id_token_id_85db651b_fk_oauth2_pr` FOREIGN KEY (`id_token_id`) REFERENCES `oauth2_provider_idtoken` (`id`),
  CONSTRAINT `oauth2_provider_acce_source_refresh_token_e66fbc72_fk_oauth2_pr` FOREIGN KEY (`source_refresh_token_id`) REFERENCES `oauth2_provider_refreshtoken` (`id`),
  CONSTRAINT `oauth2_provider_acce_user_id_6e4c9a65_fk_social_me` FOREIGN KEY (`user_id`) REFERENCES `social_media_user` (`id`)
) ENGINE=InnoDB AUTO_INCREMENT=3 DEFAULT CHARSET=utf8mb4 COLLATE=utf8mb4_unicode_ci;
/*!40101 SET character_set_client = @saved_cs_client */;

--
-- Dumping data for table `oauth2_provider_accesstoken`
--

LOCK TABLES `oauth2_provider_accesstoken` WRITE;
/*!40000 ALTER TABLE `oauth2_provider_accesstoken` DISABLE KEYS */;
INSERT INTO `oauth2_provider_accesstoken` VALUES (1,'mTdfbjmmZlV44XhGoDkL7TYzBZs7Ze','2023-12-09 21:40:17.888779','read write',1,1,'2023-12-09 11:40:17.889782','2023-12-09 11:40:17.889782',NULL,NULL),(2,'MFTA03sf7QDGhk4MgmQxltE5V8Qq8P','2023-12-12 18:29:50.315663','read write',1,1,'2023-12-12 08:29:50.315663','2023-12-12 08:29:50.315663',NULL,NULL);
/*!40000 ALTER TABLE `oauth2_provider_accesstoken` ENABLE KEYS */;
UNLOCK TABLES;

--
-- Table structure for table `oauth2_provider_application`
--

DROP TABLE IF EXISTS `oauth2_provider_application`;
/*!40101 SET @saved_cs_client     = @@character_set_client */;
/*!50503 SET character_set_client = utf8mb4 */;
CREATE TABLE `oauth2_provider_application` (
  `id` bigint NOT NULL AUTO_INCREMENT,
  `client_id` varchar(100) COLLATE utf8mb4_unicode_ci NOT NULL,
  `redirect_uris` longtext COLLATE utf8mb4_unicode_ci NOT NULL,
  `client_type` varchar(32) COLLATE utf8mb4_unicode_ci NOT NULL,
  `authorization_grant_type` varchar(32) COLLATE utf8mb4_unicode_ci NOT NULL,
  `client_secret` varchar(255) COLLATE utf8mb4_unicode_ci NOT NULL,
  `name` varchar(255) COLLATE utf8mb4_unicode_ci NOT NULL,
  `user_id` bigint DEFAULT NULL,
  `skip_authorization` tinyint(1) NOT NULL,
  `created` datetime(6) NOT NULL,
  `updated` datetime(6) NOT NULL,
  `algorithm` varchar(5) COLLATE utf8mb4_unicode_ci NOT NULL,
  `post_logout_redirect_uris` longtext COLLATE utf8mb4_unicode_ci NOT NULL DEFAULT (_utf8mb3''),
  PRIMARY KEY (`id`),
  UNIQUE KEY `client_id` (`client_id`),
  KEY `oauth2_provider_appl_user_id_79829054_fk_social_me` (`user_id`),
  KEY `oauth2_provider_application_client_secret_53133678` (`client_secret`),
  CONSTRAINT `oauth2_provider_appl_user_id_79829054_fk_social_me` FOREIGN KEY (`user_id`) REFERENCES `social_media_user` (`id`)
) ENGINE=InnoDB AUTO_INCREMENT=2 DEFAULT CHARSET=utf8mb4 COLLATE=utf8mb4_unicode_ci;
/*!40101 SET character_set_client = @saved_cs_client */;

--
-- Dumping data for table `oauth2_provider_application`
--

LOCK TABLES `oauth2_provider_application` WRITE;
/*!40000 ALTER TABLE `oauth2_provider_application` DISABLE KEYS */;
INSERT INTO `oauth2_provider_application` VALUES (1,'zDnklZ6ztQVU0X4DOQEymwV96MfWhW3Hk2VHq3D9','','confidential','password','pbkdf2_sha256$600000$5LHz7M6Judz2XeQnUf9RCc$8iGHf26rj7Ywkplnc1V8eQCl5CbCBnP6AUQ3hF0XaRc=','Improok_Social_Media',1,0,'2023-12-09 11:35:27.327354','2023-12-09 11:35:27.327354','','');
/*!40000 ALTER TABLE `oauth2_provider_application` ENABLE KEYS */;
UNLOCK TABLES;

--
-- Table structure for table `oauth2_provider_grant`
--

DROP TABLE IF EXISTS `oauth2_provider_grant`;
/*!40101 SET @saved_cs_client     = @@character_set_client */;
/*!50503 SET character_set_client = utf8mb4 */;
CREATE TABLE `oauth2_provider_grant` (
  `id` bigint NOT NULL AUTO_INCREMENT,
  `code` varchar(255) COLLATE utf8mb4_unicode_ci NOT NULL,
  `expires` datetime(6) NOT NULL,
  `redirect_uri` longtext COLLATE utf8mb4_unicode_ci NOT NULL,
  `scope` longtext COLLATE utf8mb4_unicode_ci NOT NULL,
  `application_id` bigint NOT NULL,
  `user_id` bigint NOT NULL,
  `created` datetime(6) NOT NULL,
  `updated` datetime(6) NOT NULL,
  `code_challenge` varchar(128) COLLATE utf8mb4_unicode_ci NOT NULL,
  `code_challenge_method` varchar(10) COLLATE utf8mb4_unicode_ci NOT NULL,
  `nonce` varchar(255) COLLATE utf8mb4_unicode_ci NOT NULL,
  `claims` longtext COLLATE utf8mb4_unicode_ci NOT NULL DEFAULT (_utf8mb3''),
  PRIMARY KEY (`id`),
  UNIQUE KEY `code` (`code`),
  KEY `oauth2_provider_gran_application_id_81923564_fk_oauth2_pr` (`application_id`),
  KEY `oauth2_provider_grant_user_id_e8f62af8_fk_social_media_user_id` (`user_id`),
  CONSTRAINT `oauth2_provider_gran_application_id_81923564_fk_oauth2_pr` FOREIGN KEY (`application_id`) REFERENCES `oauth2_provider_application` (`id`),
  CONSTRAINT `oauth2_provider_grant_user_id_e8f62af8_fk_social_media_user_id` FOREIGN KEY (`user_id`) REFERENCES `social_media_user` (`id`)
) ENGINE=InnoDB DEFAULT CHARSET=utf8mb4 COLLATE=utf8mb4_unicode_ci;
/*!40101 SET character_set_client = @saved_cs_client */;

--
-- Dumping data for table `oauth2_provider_grant`
--

LOCK TABLES `oauth2_provider_grant` WRITE;
/*!40000 ALTER TABLE `oauth2_provider_grant` DISABLE KEYS */;
/*!40000 ALTER TABLE `oauth2_provider_grant` ENABLE KEYS */;
UNLOCK TABLES;

--
-- Table structure for table `oauth2_provider_idtoken`
--

DROP TABLE IF EXISTS `oauth2_provider_idtoken`;
/*!40101 SET @saved_cs_client     = @@character_set_client */;
/*!50503 SET character_set_client = utf8mb4 */;
CREATE TABLE `oauth2_provider_idtoken` (
  `id` bigint NOT NULL AUTO_INCREMENT,
  `jti` char(32) COLLATE utf8mb4_unicode_ci NOT NULL,
  `expires` datetime(6) NOT NULL,
  `scope` longtext COLLATE utf8mb4_unicode_ci NOT NULL,
  `created` datetime(6) NOT NULL,
  `updated` datetime(6) NOT NULL,
  `application_id` bigint DEFAULT NULL,
  `user_id` bigint DEFAULT NULL,
  PRIMARY KEY (`id`),
  UNIQUE KEY `jti` (`jti`),
  KEY `oauth2_provider_idto_application_id_08c5ff4f_fk_oauth2_pr` (`application_id`),
  KEY `oauth2_provider_idtoken_user_id_dd512b59_fk_social_media_user_id` (`user_id`),
  CONSTRAINT `oauth2_provider_idto_application_id_08c5ff4f_fk_oauth2_pr` FOREIGN KEY (`application_id`) REFERENCES `oauth2_provider_application` (`id`),
  CONSTRAINT `oauth2_provider_idtoken_user_id_dd512b59_fk_social_media_user_id` FOREIGN KEY (`user_id`) REFERENCES `social_media_user` (`id`)
) ENGINE=InnoDB DEFAULT CHARSET=utf8mb4 COLLATE=utf8mb4_unicode_ci;
/*!40101 SET character_set_client = @saved_cs_client */;

--
-- Dumping data for table `oauth2_provider_idtoken`
--

LOCK TABLES `oauth2_provider_idtoken` WRITE;
/*!40000 ALTER TABLE `oauth2_provider_idtoken` DISABLE KEYS */;
/*!40000 ALTER TABLE `oauth2_provider_idtoken` ENABLE KEYS */;
UNLOCK TABLES;

--
-- Table structure for table `oauth2_provider_refreshtoken`
--

DROP TABLE IF EXISTS `oauth2_provider_refreshtoken`;
/*!40101 SET @saved_cs_client     = @@character_set_client */;
/*!50503 SET character_set_client = utf8mb4 */;
CREATE TABLE `oauth2_provider_refreshtoken` (
  `id` bigint NOT NULL AUTO_INCREMENT,
  `token` varchar(255) COLLATE utf8mb4_unicode_ci NOT NULL,
  `access_token_id` bigint DEFAULT NULL,
  `application_id` bigint NOT NULL,
  `user_id` bigint NOT NULL,
  `created` datetime(6) NOT NULL,
  `updated` datetime(6) NOT NULL,
  `revoked` datetime(6) DEFAULT NULL,
  PRIMARY KEY (`id`),
  UNIQUE KEY `access_token_id` (`access_token_id`),
  UNIQUE KEY `oauth2_provider_refreshtoken_token_revoked_af8a5134_uniq` (`token`,`revoked`),
  KEY `oauth2_provider_refr_application_id_2d1c311b_fk_oauth2_pr` (`application_id`),
  KEY `oauth2_provider_refr_user_id_da837fce_fk_social_me` (`user_id`),
  CONSTRAINT `oauth2_provider_refr_access_token_id_775e84e8_fk_oauth2_pr` FOREIGN KEY (`access_token_id`) REFERENCES `oauth2_provider_accesstoken` (`id`),
  CONSTRAINT `oauth2_provider_refr_application_id_2d1c311b_fk_oauth2_pr` FOREIGN KEY (`application_id`) REFERENCES `oauth2_provider_application` (`id`),
  CONSTRAINT `oauth2_provider_refr_user_id_da837fce_fk_social_me` FOREIGN KEY (`user_id`) REFERENCES `social_media_user` (`id`)
) ENGINE=InnoDB AUTO_INCREMENT=3 DEFAULT CHARSET=utf8mb4 COLLATE=utf8mb4_unicode_ci;
/*!40101 SET character_set_client = @saved_cs_client */;

--
-- Dumping data for table `oauth2_provider_refreshtoken`
--

LOCK TABLES `oauth2_provider_refreshtoken` WRITE;
/*!40000 ALTER TABLE `oauth2_provider_refreshtoken` DISABLE KEYS */;
INSERT INTO `oauth2_provider_refreshtoken` VALUES (1,'NMyUhzV6mjYkxNftvskXpKfk9CiCL3',1,1,1,'2023-12-09 11:40:17.907782','2023-12-09 11:40:17.907782',NULL),(2,'YSwxR6TLyIqRq3KxLyTZabuYAWUfpH',2,1,1,'2023-12-12 08:29:50.353010','2023-12-12 08:29:50.353010',NULL);
/*!40000 ALTER TABLE `oauth2_provider_refreshtoken` ENABLE KEYS */;
UNLOCK TABLES;

--
-- Table structure for table `social_media_account`
--

DROP TABLE IF EXISTS `social_media_account`;
/*!40101 SET @saved_cs_client     = @@character_set_client */;
/*!50503 SET character_set_client = utf8mb4 */;
CREATE TABLE `social_media_account` (
  `id` bigint NOT NULL AUTO_INCREMENT,
  `created_date` date DEFAULT NULL,
  `updated_date` date DEFAULT NULL,
  `deleted_date` date DEFAULT NULL,
  `active` tinyint(1) NOT NULL,
  `phone_number` varchar(255) COLLATE utf8mb4_unicode_ci DEFAULT NULL,
  `date_of_birth` datetime(6) DEFAULT NULL,
  `avatar` varchar(100) COLLATE utf8mb4_unicode_ci DEFAULT NULL,
  `cover_avatar` varchar(100) COLLATE utf8mb4_unicode_ci DEFAULT NULL,
  `role_id` bigint DEFAULT NULL,
  `user_id` bigint DEFAULT NULL,
  `account_status` tinyint(1) NOT NULL,
  PRIMARY KEY (`id`),
  UNIQUE KEY `phone_number` (`phone_number`),
  UNIQUE KEY `user_id` (`user_id`),
  KEY `social_media_account_role_id_d1ccc1de_fk_social_media_role_id` (`role_id`),
  CONSTRAINT `social_media_account_role_id_d1ccc1de_fk_social_media_role_id` FOREIGN KEY (`role_id`) REFERENCES `social_media_role` (`id`),
  CONSTRAINT `social_media_account_user_id_30063586_fk_social_media_user_id` FOREIGN KEY (`user_id`) REFERENCES `social_media_user` (`id`)
) ENGINE=InnoDB AUTO_INCREMENT=8 DEFAULT CHARSET=utf8mb4 COLLATE=utf8mb4_unicode_ci;
/*!40101 SET character_set_client = @saved_cs_client */;

--
-- Dumping data for table `social_media_account`
--

LOCK TABLES `social_media_account` WRITE;
/*!40000 ALTER TABLE `social_media_account` DISABLE KEYS */;
INSERT INTO `social_media_account` VALUES (1,'2023-12-02','2023-12-02','2023-12-02',1,'0345809638','2002-08-28 18:37:49.000000','images/accounts/avatar/2023/12/Ảnh_của_tui.jpg','images/accounts/cover_avatar/2023/12/Ảnh_của_tui_1.jpg',1,1,1),(2,'2023-12-02','2023-12-02','2023-12-02',1,'012345678','2023-12-02 08:44:27.000000','images/accounts/avatar/2023/12/Ảnh_của_tui.jpg','images/accounts/cover_avatar/2023/12/Ảnh_của_tui_1.jpg',3,2,1),(3,'2023-12-02','2023-12-02','2023-12-02',1,'36262312312','2023-12-02 09:38:16.000000','images/accounts/avatar/2023/12/Screenshot_2023-12-02_163517.png','images/accounts/cover_avatar/2023/12/Screenshot_2023-12-02_163517.png',3,3,0),(4,'2023-12-02','2023-12-02','2023-12-02',1,'3626','2023-12-02 09:41:44.000000','images/accounts/avatar/2023/12/FURINA.png','images/accounts/cover_avatar/2023/12/FURINA.png',2,4,0),(5,'2023-12-07','2023-12-07','2023-12-07',1,'099999','2023-12-07 10:35:10.000000','images/accounts/avatar/2023/12/Screenshot_2023-12-02_163517_uBq6TcI.png','images/accounts/cover_avatar/2023/12/FURINA_Qya12Xs.png',2,5,0),(7,'2023-12-10','2023-12-10','2023-12-10',1,'0123456789','2002-08-28 00:00:00.000000','images/accounts/avatar/2023/12/Screenshot_2023-12-02_163517_iMvIY1I.png','images/accounts/cover_avatar/2023/12/Screenshot_2023-12-02_163517_ciM462Z.png',3,6,1);
/*!40000 ALTER TABLE `social_media_account` ENABLE KEYS */;
UNLOCK TABLES;

--
-- Table structure for table `social_media_alumniaccount`
--

DROP TABLE IF EXISTS `social_media_alumniaccount`;
/*!40101 SET @saved_cs_client     = @@character_set_client */;
/*!50503 SET character_set_client = utf8mb4 */;
CREATE TABLE `social_media_alumniaccount` (
  `id` bigint NOT NULL AUTO_INCREMENT,
  `created_date` date DEFAULT NULL,
  `updated_date` date DEFAULT NULL,
  `deleted_date` date DEFAULT NULL,
  `active` tinyint(1) NOT NULL,
  `alumni_account_code` varchar(255) COLLATE utf8mb4_unicode_ci NOT NULL,
  `account_id` bigint NOT NULL,
  PRIMARY KEY (`id`),
  UNIQUE KEY `account_id` (`account_id`),
  CONSTRAINT `social_media_alumnia_account_id_c7d06ad4_fk_social_me` FOREIGN KEY (`account_id`) REFERENCES `social_media_account` (`id`)
) ENGINE=InnoDB DEFAULT CHARSET=utf8mb4 COLLATE=utf8mb4_unicode_ci;
/*!40101 SET character_set_client = @saved_cs_client */;

--
-- Dumping data for table `social_media_alumniaccount`
--

LOCK TABLES `social_media_alumniaccount` WRITE;
/*!40000 ALTER TABLE `social_media_alumniaccount` DISABLE KEYS */;
/*!40000 ALTER TABLE `social_media_alumniaccount` ENABLE KEYS */;
UNLOCK TABLES;

--
-- Table structure for table `social_media_comment`
--

DROP TABLE IF EXISTS `social_media_comment`;
/*!40101 SET @saved_cs_client     = @@character_set_client */;
/*!50503 SET character_set_client = utf8mb4 */;
CREATE TABLE `social_media_comment` (
  `id` bigint NOT NULL AUTO_INCREMENT,
  `created_date` date DEFAULT NULL,
  `updated_date` date DEFAULT NULL,
  `deleted_date` date DEFAULT NULL,
  `active` tinyint(1) NOT NULL,
  `comment_content` longtext COLLATE utf8mb4_unicode_ci NOT NULL,
  `post_id` bigint NOT NULL,
  `account_id` bigint DEFAULT NULL,
  `comment_image_url` varchar(100) COLLATE utf8mb4_unicode_ci DEFAULT NULL,
  PRIMARY KEY (`id`),
  KEY `social_media_comment_post_id_200ffcb6_fk_social_media_post_id` (`post_id`),
  KEY `social_media_comment_account_id_3fe640d0_fk_social_me` (`account_id`),
  CONSTRAINT `social_media_comment_account_id_3fe640d0_fk_social_me` FOREIGN KEY (`account_id`) REFERENCES `social_media_account` (`id`),
  CONSTRAINT `social_media_comment_post_id_200ffcb6_fk_social_media_post_id` FOREIGN KEY (`post_id`) REFERENCES `social_media_post` (`id`)
) ENGINE=InnoDB AUTO_INCREMENT=4 DEFAULT CHARSET=utf8mb4 COLLATE=utf8mb4_unicode_ci;
/*!40101 SET character_set_client = @saved_cs_client */;

--
-- Dumping data for table `social_media_comment`
--

LOCK TABLES `social_media_comment` WRITE;
/*!40000 ALTER TABLE `social_media_comment` DISABLE KEYS */;
INSERT INTO `social_media_comment` VALUES (1,'2023-12-02','2023-12-02','2023-12-02',1,'Bài viết hay thế',1,2,'images/comments/2023/12/Screenshot_2023-12-02_163517.png'),(2,'2023-12-02','2023-12-02','2023-12-02',1,'Bài viết hay thế 1',2,2,'images/comments/2023/12/FURINA.png'),(3,'2023-12-05','2023-12-05','2023-12-05',1,'Ôi bài Post Invitation này hay quá\r\nÔi bài Post Invitation này hay quá\r\nÔi bài Post Invitation này hay quá\r\nÔi bài Post Invitation này hay quá\r\nÔi bài Post Invitation này hay quá\r\nÔi bài Post Invitation này hay quá\r\nÔi bài Post Invitation này hay quá\r\nÔi bài Post Invitation này hay quá\r\nÔi bài Post Invitation này hay quá\r\nÔi bài Post Invitation này hay quá\r\nÔi bài Post Invitation này hay quá\r\nÔi bài Post Invitation này hay quá\r\nÔi bài Post Invitation này hay quá\r\nÔi bài Post Invitation này hay quá\r\nÔi bài Post Invitation này hay quá\r\nÔi bài Post Invitation này hay quá\r\nÔi bài Post Invitation này hay quá\r\nÔi bài Post Invitation này hay quá\r\nÔi bài Post Invitation này hay quá\r\nÔi bài Post Invitation này hay quá\r\nÔi bài Post Invitation này hay quá\r\nÔi bài Post Invitation này hay quá\r\nÔi bài Post Invitation này hay quá\r\nÔi bài Post Invitation này hay quá\r\nÔi bài Post Invitation này hay quá\r\nÔi bài Post Invitation này hay quá\r\nÔi bài Post Invitation này hay quá\r\nÔi bài Post Invitation này hay quá\r\nÔi bài Post Invitation này hay quá\r\nÔi bài Post Invitation này hay quá\r\nÔi bài Post Invitation này hay quá\r\nÔi bài Post Invitation này hay quá\r\nÔi bài Post Invitation này hay quá\r\nÔi bài Post Invitation này hay quá\r\nÔi bài Post Invitation này hay quá',9,2,'images/comments/2023/12/Screenshot_2023-10-15_111305.png');
/*!40000 ALTER TABLE `social_media_comment` ENABLE KEYS */;
UNLOCK TABLES;

--
-- Table structure for table `social_media_confirmstatus`
--

DROP TABLE IF EXISTS `social_media_confirmstatus`;
/*!40101 SET @saved_cs_client     = @@character_set_client */;
/*!50503 SET character_set_client = utf8mb4 */;
CREATE TABLE `social_media_confirmstatus` (
  `id` bigint NOT NULL AUTO_INCREMENT,
  `created_date` date DEFAULT NULL,
  `updated_date` date DEFAULT NULL,
  `deleted_date` date DEFAULT NULL,
  `active` tinyint(1) NOT NULL,
  `confirm_status_value` varchar(255) COLLATE utf8mb4_unicode_ci NOT NULL,
  PRIMARY KEY (`id`)
) ENGINE=InnoDB AUTO_INCREMENT=3 DEFAULT CHARSET=utf8mb4 COLLATE=utf8mb4_unicode_ci;
/*!40101 SET character_set_client = @saved_cs_client */;

--
-- Dumping data for table `social_media_confirmstatus`
--

LOCK TABLES `social_media_confirmstatus` WRITE;
/*!40000 ALTER TABLE `social_media_confirmstatus` DISABLE KEYS */;
INSERT INTO `social_media_confirmstatus` VALUES (1,'2023-12-02','2023-12-02','2023-12-02',1,'Accept'),(2,'2023-12-02','2023-12-02','2023-12-02',1,'Deny');
/*!40000 ALTER TABLE `social_media_confirmstatus` ENABLE KEYS */;
UNLOCK TABLES;

--
-- Table structure for table `social_media_invitationgroup`
--

DROP TABLE IF EXISTS `social_media_invitationgroup`;
/*!40101 SET @saved_cs_client     = @@character_set_client */;
/*!50503 SET character_set_client = utf8mb4 */;
CREATE TABLE `social_media_invitationgroup` (
  `id` bigint NOT NULL AUTO_INCREMENT,
  `created_date` date DEFAULT NULL,
  `updated_date` date DEFAULT NULL,
  `deleted_date` date DEFAULT NULL,
  `active` tinyint(1) NOT NULL,
  `invitation_group_name` varchar(255) COLLATE utf8mb4_unicode_ci NOT NULL,
  PRIMARY KEY (`id`)
) ENGINE=InnoDB AUTO_INCREMENT=5 DEFAULT CHARSET=utf8mb4 COLLATE=utf8mb4_unicode_ci;
/*!40101 SET character_set_client = @saved_cs_client */;

--
-- Dumping data for table `social_media_invitationgroup`
--

LOCK TABLES `social_media_invitationgroup` WRITE;
/*!40000 ALTER TABLE `social_media_invitationgroup` DISABLE KEYS */;
INSERT INTO `social_media_invitationgroup` VALUES (1,'2023-12-05','2023-12-12','2023-12-12',1,'Group A'),(2,'2023-12-05','2023-12-12','2023-12-12',1,'Group B'),(3,'2023-12-05','2023-12-12','2023-12-12',1,'group C'),(4,'2023-12-12','2023-12-12','2023-12-12',1,'group D');
/*!40000 ALTER TABLE `social_media_invitationgroup` ENABLE KEYS */;
UNLOCK TABLES;

--
-- Table structure for table `social_media_invitationgroup_accounts`
--

DROP TABLE IF EXISTS `social_media_invitationgroup_accounts`;
/*!40101 SET @saved_cs_client     = @@character_set_client */;
/*!50503 SET character_set_client = utf8mb4 */;
CREATE TABLE `social_media_invitationgroup_accounts` (
  `id` bigint NOT NULL AUTO_INCREMENT,
  `invitationgroup_id` bigint NOT NULL,
  `account_id` bigint NOT NULL,
  PRIMARY KEY (`id`),
  UNIQUE KEY `social_media_invitationg_invitationgroup_id_accou_5b65dcb1_uniq` (`invitationgroup_id`,`account_id`),
  KEY `social_media_invitat_account_id_cd4c65a9_fk_social_me` (`account_id`),
  CONSTRAINT `social_media_invitat_account_id_cd4c65a9_fk_social_me` FOREIGN KEY (`account_id`) REFERENCES `social_media_account` (`id`),
  CONSTRAINT `social_media_invitat_invitationgroup_id_fe4d591b_fk_social_me` FOREIGN KEY (`invitationgroup_id`) REFERENCES `social_media_invitationgroup` (`id`)
) ENGINE=InnoDB AUTO_INCREMENT=11 DEFAULT CHARSET=utf8mb4 COLLATE=utf8mb4_unicode_ci;
/*!40101 SET character_set_client = @saved_cs_client */;

--
-- Dumping data for table `social_media_invitationgroup_accounts`
--

LOCK TABLES `social_media_invitationgroup_accounts` WRITE;
/*!40000 ALTER TABLE `social_media_invitationgroup_accounts` DISABLE KEYS */;
INSERT INTO `social_media_invitationgroup_accounts` VALUES (4,1,1),(5,1,2),(6,1,3),(7,2,3),(8,2,4),(9,3,3),(10,3,5);
/*!40000 ALTER TABLE `social_media_invitationgroup_accounts` ENABLE KEYS */;
UNLOCK TABLES;

--
-- Table structure for table `social_media_post`
--

DROP TABLE IF EXISTS `social_media_post`;
/*!40101 SET @saved_cs_client     = @@character_set_client */;
/*!50503 SET character_set_client = utf8mb4 */;
CREATE TABLE `social_media_post` (
  `id` bigint NOT NULL AUTO_INCREMENT,
  `created_date` date DEFAULT NULL,
  `updated_date` date DEFAULT NULL,
  `deleted_date` date DEFAULT NULL,
  `active` tinyint(1) NOT NULL,
  `post_content` longtext COLLATE utf8mb4_unicode_ci NOT NULL,
  `comment_lock` tinyint(1) NOT NULL,
  `account_id` bigint DEFAULT NULL,
  PRIMARY KEY (`id`),
  KEY `social_media_post_account_id_40a73edf_fk_social_media_account_id` (`account_id`),
  CONSTRAINT `social_media_post_account_id_40a73edf_fk_social_media_account_id` FOREIGN KEY (`account_id`) REFERENCES `social_media_account` (`id`)
) ENGINE=InnoDB AUTO_INCREMENT=12 DEFAULT CHARSET=utf8mb4 COLLATE=utf8mb4_unicode_ci;
/*!40101 SET character_set_client = @saved_cs_client */;

--
-- Dumping data for table `social_media_post`
--

LOCK TABLES `social_media_post` WRITE;
/*!40000 ALTER TABLE `social_media_post` DISABLE KEYS */;
INSERT INTO `social_media_post` VALUES (1,'2023-12-02','2023-12-02','2023-12-02',1,'Bài Post đầu tiên',0,1),(2,'2023-12-02','2023-12-02','2023-12-02',1,'Bài Post thứ 2',0,1),(3,'2023-12-02','2023-12-02','2023-12-02',1,'Bài Post thứ 3',0,1),(4,'2023-12-02','2023-12-02','2023-12-02',1,'Bài Post 1 của tuan1',0,2),(5,'2023-12-02','2023-12-02','2023-12-02',1,'Bài Post 2 của tuan1',0,2),(6,'2023-12-02','2023-12-02','2023-12-02',1,'<p><u><em><strong>Post n&agrave;y đăng bằng ckeditor</strong></em></u></p>',0,1),(7,'2023-12-02','2023-12-02','2023-12-02',1,'<p>B&agrave;i Post thứ 2 bằng ckeditor nhưng kh&ocirc;ng chỉnh g&igrave;</p>',0,2),(8,'2023-12-02','2023-12-02','2023-12-02',1,'<p>POST KHẢO S&Aacute;T GPA</p>',0,1),(9,'2023-12-05','2023-12-05','2023-12-05',1,'<p>POST INVITATION + 3 Post Image</p>',0,1),(10,'2023-12-10','2023-12-10','2023-12-10',1,'Bài viết được tạo bởi Swagger',0,1),(11,'2023-12-10','2023-12-10','2023-12-10',1,'Bài viết được chỉnh sửa bởi swagger',1,1);
/*!40000 ALTER TABLE `social_media_post` ENABLE KEYS */;
UNLOCK TABLES;

--
-- Table structure for table `social_media_postimage`
--

DROP TABLE IF EXISTS `social_media_postimage`;
/*!40101 SET @saved_cs_client     = @@character_set_client */;
/*!50503 SET character_set_client = utf8mb4 */;
CREATE TABLE `social_media_postimage` (
  `id` bigint NOT NULL AUTO_INCREMENT,
  `created_date` date DEFAULT NULL,
  `updated_date` date DEFAULT NULL,
  `deleted_date` date DEFAULT NULL,
  `active` tinyint(1) NOT NULL,
  `post_image_url` varchar(100) COLLATE utf8mb4_unicode_ci DEFAULT NULL,
  `post_id` bigint NOT NULL,
  PRIMARY KEY (`id`),
  KEY `social_media_postimage_post_id_c78cdf02_fk_social_media_post_id` (`post_id`),
  CONSTRAINT `social_media_postimage_post_id_c78cdf02_fk_social_media_post_id` FOREIGN KEY (`post_id`) REFERENCES `social_media_post` (`id`)
) ENGINE=InnoDB AUTO_INCREMENT=17 DEFAULT CHARSET=utf8mb4 COLLATE=utf8mb4_unicode_ci;
/*!40101 SET character_set_client = @saved_cs_client */;

--
-- Dumping data for table `social_media_postimage`
--

LOCK TABLES `social_media_postimage` WRITE;
/*!40000 ALTER TABLE `social_media_postimage` DISABLE KEYS */;
INSERT INTO `social_media_postimage` VALUES (1,'2023-12-05','2023-12-05','2023-12-05',1,'images/post_images/2023/12/FURINA.png',9),(2,'2023-12-05','2023-12-05','2023-12-05',1,'images/post_images/2023/12/Screenshot_2023-11-09_011731_qYfvcnH.png',9),(3,'2023-12-05','2023-12-05','2023-12-05',1,'images/post_images/2023/12/Screenshot_2023-12-02_163517_859smi0.png',9),(4,'2023-12-10','2023-12-10','2023-12-10',0,'images/post_images/2023/12/2172227.jpg',11),(5,'2023-12-10','2023-12-10','2023-12-10',0,'images/post_images/2023/12/2172227.jpg',11),(6,'2023-12-10','2023-12-10','2023-12-10',1,'images/post_images/2023/12/Screenshot_2023-12-02_163517_gIEG6wZ.png',11),(7,'2023-12-10','2023-12-10','2023-12-10',1,'images/post_images/2023/12/2172227.jpg',11),(8,'2023-12-10','2023-12-10','2023-12-10',1,'images/post_images/2023/12/2172227.jpg',11),(9,'2023-12-10','2023-12-10','2023-12-10',1,'images/post_images/2023/12/Screenshot_2023-12-10_195600.png',11),(10,'2023-12-10','2023-12-10','2023-12-10',1,'images/post_images/2023/12/2172227.jpg',11),(11,'2023-12-10','2023-12-10','2023-12-10',1,'images/post_images/2023/12/2172227.jpg',11),(12,'2023-12-10','2023-12-10','2023-12-10',1,'images/post_images/2023/12/2172227.jpg',11),(13,'2023-12-10','2023-12-10','2023-12-10',1,'images/post_images/2023/12/2172227.jpg',11),(14,'2023-12-10','2023-12-10','2023-12-10',1,'images/post_images/2023/12/Screenshot_2023-12-10_195600_hE8Apix.png',11),(15,'2023-12-10','2023-12-10','2023-12-10',1,'images/post_images/2023/12/2172227.jpg',11),(16,'2023-12-10','2023-12-10','2023-12-10',1,'images/post_images/2023/12/2172227.jpg',11);
/*!40000 ALTER TABLE `social_media_postimage` ENABLE KEYS */;
UNLOCK TABLES;

--
-- Table structure for table `social_media_postinvitation`
--

DROP TABLE IF EXISTS `social_media_postinvitation`;
/*!40101 SET @saved_cs_client     = @@character_set_client */;
/*!50503 SET character_set_client = utf8mb4 */;
CREATE TABLE `social_media_postinvitation` (
  `id` bigint NOT NULL AUTO_INCREMENT,
  `created_date` date DEFAULT NULL,
  `updated_date` date DEFAULT NULL,
  `deleted_date` date DEFAULT NULL,
  `active` tinyint(1) NOT NULL,
  `event_name` varchar(255) COLLATE utf8mb4_unicode_ci NOT NULL,
  `start_time` datetime(6) NOT NULL,
  `end_time` datetime(6) NOT NULL,
  `post_id` bigint NOT NULL,
  PRIMARY KEY (`id`),
  UNIQUE KEY `post_id` (`post_id`),
  CONSTRAINT `social_media_postinv_post_id_d49969f2_fk_social_me` FOREIGN KEY (`post_id`) REFERENCES `social_media_post` (`id`)
) ENGINE=InnoDB AUTO_INCREMENT=2 DEFAULT CHARSET=utf8mb4 COLLATE=utf8mb4_unicode_ci;
/*!40101 SET character_set_client = @saved_cs_client */;

--
-- Dumping data for table `social_media_postinvitation`
--

LOCK TABLES `social_media_postinvitation` WRITE;
/*!40000 ALTER TABLE `social_media_postinvitation` DISABLE KEYS */;
INSERT INTO `social_media_postinvitation` VALUES (1,'2023-12-05','2023-12-05','2023-12-05',1,'Invitation first event','2023-12-05 02:03:12.000000','2023-12-05 02:03:13.000000',9);
/*!40000 ALTER TABLE `social_media_postinvitation` ENABLE KEYS */;
UNLOCK TABLES;

--
-- Table structure for table `social_media_postinvitation_accounts`
--

DROP TABLE IF EXISTS `social_media_postinvitation_accounts`;
/*!40101 SET @saved_cs_client     = @@character_set_client */;
/*!50503 SET character_set_client = utf8mb4 */;
CREATE TABLE `social_media_postinvitation_accounts` (
  `id` bigint NOT NULL AUTO_INCREMENT,
  `postinvitation_id` bigint NOT NULL,
  `account_id` bigint NOT NULL,
  PRIMARY KEY (`id`),
  UNIQUE KEY `social_media_postinvitat_postinvitation_id_accoun_68235e57_uniq` (`postinvitation_id`,`account_id`),
  KEY `social_media_postinv_account_id_a29d298c_fk_social_me` (`account_id`),
  CONSTRAINT `social_media_postinv_account_id_a29d298c_fk_social_me` FOREIGN KEY (`account_id`) REFERENCES `social_media_account` (`id`),
  CONSTRAINT `social_media_postinv_postinvitation_id_fca7cc95_fk_social_me` FOREIGN KEY (`postinvitation_id`) REFERENCES `social_media_postinvitation` (`id`)
) ENGINE=InnoDB DEFAULT CHARSET=utf8mb4 COLLATE=utf8mb4_unicode_ci;
/*!40101 SET character_set_client = @saved_cs_client */;

--
-- Dumping data for table `social_media_postinvitation_accounts`
--

LOCK TABLES `social_media_postinvitation_accounts` WRITE;
/*!40000 ALTER TABLE `social_media_postinvitation_accounts` DISABLE KEYS */;
/*!40000 ALTER TABLE `social_media_postinvitation_accounts` ENABLE KEYS */;
UNLOCK TABLES;

--
-- Table structure for table `social_media_postreaction`
--

DROP TABLE IF EXISTS `social_media_postreaction`;
/*!40101 SET @saved_cs_client     = @@character_set_client */;
/*!50503 SET character_set_client = utf8mb4 */;
CREATE TABLE `social_media_postreaction` (
  `id` bigint NOT NULL AUTO_INCREMENT,
  `created_date` date DEFAULT NULL,
  `updated_date` date DEFAULT NULL,
  `deleted_date` date DEFAULT NULL,
  `active` tinyint(1) NOT NULL,
  `post_id` bigint NOT NULL,
  `reaction_id` bigint NOT NULL,
  `account_id` bigint DEFAULT NULL,
  PRIMARY KEY (`id`),
  KEY `social_media_postrea_post_id_33171a86_fk_social_me` (`post_id`),
  KEY `social_media_postrea_reaction_id_b79c36c9_fk_social_me` (`reaction_id`),
  KEY `social_media_postrea_account_id_64ecc229_fk_social_me` (`account_id`),
  CONSTRAINT `social_media_postrea_account_id_64ecc229_fk_social_me` FOREIGN KEY (`account_id`) REFERENCES `social_media_account` (`id`),
  CONSTRAINT `social_media_postrea_post_id_33171a86_fk_social_me` FOREIGN KEY (`post_id`) REFERENCES `social_media_post` (`id`),
  CONSTRAINT `social_media_postrea_reaction_id_b79c36c9_fk_social_me` FOREIGN KEY (`reaction_id`) REFERENCES `social_media_reaction` (`id`)
) ENGINE=InnoDB AUTO_INCREMENT=3 DEFAULT CHARSET=utf8mb4 COLLATE=utf8mb4_unicode_ci;
/*!40101 SET character_set_client = @saved_cs_client */;

--
-- Dumping data for table `social_media_postreaction`
--

LOCK TABLES `social_media_postreaction` WRITE;
/*!40000 ALTER TABLE `social_media_postreaction` DISABLE KEYS */;
INSERT INTO `social_media_postreaction` VALUES (1,'2023-12-02','2023-12-02','2023-12-02',1,1,2,1),(2,'2023-12-12','2023-12-12','2023-12-12',1,2,1,2);
/*!40000 ALTER TABLE `social_media_postreaction` ENABLE KEYS */;
UNLOCK TABLES;

--
-- Table structure for table `social_media_postsurvey`
--

DROP TABLE IF EXISTS `social_media_postsurvey`;
/*!40101 SET @saved_cs_client     = @@character_set_client */;
/*!50503 SET character_set_client = utf8mb4 */;
CREATE TABLE `social_media_postsurvey` (
  `id` bigint NOT NULL AUTO_INCREMENT,
  `created_date` date DEFAULT NULL,
  `updated_date` date DEFAULT NULL,
  `deleted_date` date DEFAULT NULL,
  `active` tinyint(1) NOT NULL,
  `post_survey_title` varchar(255) COLLATE utf8mb4_unicode_ci NOT NULL,
  `start_time` datetime(6) NOT NULL,
  `end_time` datetime(6) NOT NULL,
  `post_id` bigint NOT NULL,
  `is_closed` tinyint(1) NOT NULL,
  PRIMARY KEY (`id`),
  UNIQUE KEY `post_id` (`post_id`),
  CONSTRAINT `social_media_postsurvey_post_id_8b5475b0_fk_social_media_post_id` FOREIGN KEY (`post_id`) REFERENCES `social_media_post` (`id`)
) ENGINE=InnoDB AUTO_INCREMENT=2 DEFAULT CHARSET=utf8mb4 COLLATE=utf8mb4_unicode_ci;
/*!40101 SET character_set_client = @saved_cs_client */;

--
-- Dumping data for table `social_media_postsurvey`
--

LOCK TABLES `social_media_postsurvey` WRITE;
/*!40000 ALTER TABLE `social_media_postsurvey` DISABLE KEYS */;
INSERT INTO `social_media_postsurvey` VALUES (1,'2023-12-02','2023-12-02','2023-12-02',1,'Khảo sát GPA','2023-12-02 13:11:23.000000','2023-12-02 13:11:24.000000',8,0);
/*!40000 ALTER TABLE `social_media_postsurvey` ENABLE KEYS */;
UNLOCK TABLES;

--
-- Table structure for table `social_media_reaction`
--

DROP TABLE IF EXISTS `social_media_reaction`;
/*!40101 SET @saved_cs_client     = @@character_set_client */;
/*!50503 SET character_set_client = utf8mb4 */;
CREATE TABLE `social_media_reaction` (
  `id` bigint NOT NULL AUTO_INCREMENT,
  `created_date` date DEFAULT NULL,
  `updated_date` date DEFAULT NULL,
  `deleted_date` date DEFAULT NULL,
  `active` tinyint(1) NOT NULL,
  `reaction_name` varchar(255) COLLATE utf8mb4_unicode_ci NOT NULL,
  PRIMARY KEY (`id`)
) ENGINE=InnoDB AUTO_INCREMENT=6 DEFAULT CHARSET=utf8mb4 COLLATE=utf8mb4_unicode_ci;
/*!40101 SET character_set_client = @saved_cs_client */;

--
-- Dumping data for table `social_media_reaction`
--

LOCK TABLES `social_media_reaction` WRITE;
/*!40000 ALTER TABLE `social_media_reaction` DISABLE KEYS */;
INSERT INTO `social_media_reaction` VALUES (1,'2023-12-02','2023-12-02','2023-12-02',1,'LIKE'),(2,'2023-12-02','2023-12-02','2023-12-02',1,'LOVE'),(3,'2023-12-02','2023-12-02','2023-12-02',1,'HAHA'),(4,'2023-12-02','2023-12-02','2023-12-02',1,'SAD'),(5,'2023-12-02','2023-12-02','2023-12-02',1,'ANGRY');
/*!40000 ALTER TABLE `social_media_reaction` ENABLE KEYS */;
UNLOCK TABLES;

--
-- Table structure for table `social_media_role`
--

DROP TABLE IF EXISTS `social_media_role`;
/*!40101 SET @saved_cs_client     = @@character_set_client */;
/*!50503 SET character_set_client = utf8mb4 */;
CREATE TABLE `social_media_role` (
  `id` bigint NOT NULL AUTO_INCREMENT,
  `created_date` date DEFAULT NULL,
  `updated_date` date DEFAULT NULL,
  `deleted_date` date DEFAULT NULL,
  `active` tinyint(1) NOT NULL,
  `role_name` varchar(255) COLLATE utf8mb4_unicode_ci NOT NULL,
  PRIMARY KEY (`id`)
) ENGINE=InnoDB AUTO_INCREMENT=4 DEFAULT CHARSET=utf8mb4 COLLATE=utf8mb4_unicode_ci;
/*!40101 SET character_set_client = @saved_cs_client */;

--
-- Dumping data for table `social_media_role`
--

LOCK TABLES `social_media_role` WRITE;
/*!40000 ALTER TABLE `social_media_role` DISABLE KEYS */;
INSERT INTO `social_media_role` VALUES (1,'2023-12-02','2023-12-02','2023-12-02',1,'Admin'),(2,'2023-12-02','2023-12-02','2023-12-02',1,'Lecturer'),(3,'2023-12-02','2023-12-02','2023-12-02',1,'Alumni');
/*!40000 ALTER TABLE `social_media_role` ENABLE KEYS */;
UNLOCK TABLES;

--
-- Table structure for table `social_media_surveyanswer`
--

DROP TABLE IF EXISTS `social_media_surveyanswer`;
/*!40101 SET @saved_cs_client     = @@character_set_client */;
/*!50503 SET character_set_client = utf8mb4 */;
CREATE TABLE `social_media_surveyanswer` (
  `id` bigint NOT NULL AUTO_INCREMENT,
  `created_date` date DEFAULT NULL,
  `updated_date` date DEFAULT NULL,
  `deleted_date` date DEFAULT NULL,
  `active` tinyint(1) NOT NULL,
  `question_option_value` varchar(10000) COLLATE utf8mb4_unicode_ci DEFAULT NULL,
  `survey_question_id` bigint NOT NULL,
  `survey_response_id` bigint NOT NULL,
  PRIMARY KEY (`id`),
  KEY `social_media_surveya_survey_question_id_1dafa1b7_fk_social_me` (`survey_question_id`),
  KEY `social_media_surveya_survey_response_id_91ba8f7c_fk_social_me` (`survey_response_id`),
  CONSTRAINT `social_media_surveya_survey_question_id_1dafa1b7_fk_social_me` FOREIGN KEY (`survey_question_id`) REFERENCES `social_media_surveyquestion` (`id`),
  CONSTRAINT `social_media_surveya_survey_response_id_91ba8f7c_fk_social_me` FOREIGN KEY (`survey_response_id`) REFERENCES `social_media_surveyresponse` (`id`)
) ENGINE=InnoDB AUTO_INCREMENT=7 DEFAULT CHARSET=utf8mb4 COLLATE=utf8mb4_unicode_ci;
/*!40101 SET character_set_client = @saved_cs_client */;

--
-- Dumping data for table `social_media_surveyanswer`
--

LOCK TABLES `social_media_surveyanswer` WRITE;
/*!40000 ALTER TABLE `social_media_surveyanswer` DISABLE KEYS */;
INSERT INTO `social_media_surveyanswer` VALUES (4,'2023-12-02','2023-12-05','2023-12-05',1,NULL,1,1),(5,'2023-12-02','2023-12-05','2023-12-05',1,NULL,2,1),(6,'2023-12-02','2023-12-02','2023-12-02',1,'Học anh Thành quá đẳng cấp nên GPA cao',3,1);
/*!40000 ALTER TABLE `social_media_surveyanswer` ENABLE KEYS */;
UNLOCK TABLES;

--
-- Table structure for table `social_media_surveyquestion`
--

DROP TABLE IF EXISTS `social_media_surveyquestion`;
/*!40101 SET @saved_cs_client     = @@character_set_client */;
/*!50503 SET character_set_client = utf8mb4 */;
CREATE TABLE `social_media_surveyquestion` (
  `id` bigint NOT NULL AUTO_INCREMENT,
  `created_date` date DEFAULT NULL,
  `updated_date` date DEFAULT NULL,
  `deleted_date` date DEFAULT NULL,
  `active` tinyint(1) NOT NULL,
  `question_content` longtext COLLATE utf8mb4_unicode_ci NOT NULL,
  `question_order` int NOT NULL,
  `post_survey_id` bigint NOT NULL,
  `survey_question_type_id` bigint NOT NULL,
  `is_required` tinyint(1) NOT NULL,
  PRIMARY KEY (`id`),
  KEY `social_media_surveyq_survey_question_type_29e9c43e_fk_social_me` (`survey_question_type_id`),
  KEY `social_media_surveyq_post_survey_id_b5e1b2c4_fk_social_me` (`post_survey_id`),
  CONSTRAINT `social_media_surveyq_post_survey_id_b5e1b2c4_fk_social_me` FOREIGN KEY (`post_survey_id`) REFERENCES `social_media_postsurvey` (`id`),
  CONSTRAINT `social_media_surveyq_survey_question_type_29e9c43e_fk_social_me` FOREIGN KEY (`survey_question_type_id`) REFERENCES `social_media_surveyquestiontype` (`id`)
) ENGINE=InnoDB AUTO_INCREMENT=4 DEFAULT CHARSET=utf8mb4 COLLATE=utf8mb4_unicode_ci;
/*!40101 SET character_set_client = @saved_cs_client */;

--
-- Dumping data for table `social_media_surveyquestion`
--

LOCK TABLES `social_media_surveyquestion` WRITE;
/*!40000 ALTER TABLE `social_media_surveyquestion` DISABLE KEYS */;
INSERT INTO `social_media_surveyquestion` VALUES (1,'2023-12-02','2023-12-02','2023-12-02',1,'GPA của bạn là bao nhiêu ( checkbox question )?',0,1,3,0),(2,'2023-12-02','2023-12-02','2023-12-02',1,'Tại sao bạn được GPA như zậy? (multi choice)',0,1,1,0),(3,'2023-12-02','2023-12-02','2023-12-02',1,'Bạn có cảm nghĩ gì về GPA bạn đạt được? (input text)',0,1,2,0);
/*!40000 ALTER TABLE `social_media_surveyquestion` ENABLE KEYS */;
UNLOCK TABLES;

--
-- Table structure for table `social_media_surveyquestionoption`
--

DROP TABLE IF EXISTS `social_media_surveyquestionoption`;
/*!40101 SET @saved_cs_client     = @@character_set_client */;
/*!50503 SET character_set_client = utf8mb4 */;
CREATE TABLE `social_media_surveyquestionoption` (
  `id` bigint NOT NULL AUTO_INCREMENT,
  `created_date` date DEFAULT NULL,
  `updated_date` date DEFAULT NULL,
  `deleted_date` date DEFAULT NULL,
  `active` tinyint(1) NOT NULL,
  `question_option_value` longtext COLLATE utf8mb4_unicode_ci NOT NULL,
  `question_option_order` int NOT NULL,
  `survey_question_id` bigint NOT NULL,
  PRIMARY KEY (`id`),
  KEY `social_media_surveyq_survey_question_id_da5c9957_fk_social_me` (`survey_question_id`),
  CONSTRAINT `social_media_surveyq_survey_question_id_da5c9957_fk_social_me` FOREIGN KEY (`survey_question_id`) REFERENCES `social_media_surveyquestion` (`id`)
) ENGINE=InnoDB AUTO_INCREMENT=7 DEFAULT CHARSET=utf8mb4 COLLATE=utf8mb4_unicode_ci;
/*!40101 SET character_set_client = @saved_cs_client */;

--
-- Dumping data for table `social_media_surveyquestionoption`
--

LOCK TABLES `social_media_surveyquestionoption` WRITE;
/*!40000 ALTER TABLE `social_media_surveyquestionoption` DISABLE KEYS */;
INSERT INTO `social_media_surveyquestionoption` VALUES (1,'2023-12-02','2023-12-02','2023-12-02',1,'1.0',0,1),(2,'2023-12-02','2023-12-02','2023-12-02',1,'2.0',0,1),(3,'2023-12-02','2023-12-02','2023-12-02',1,'3.0',0,1),(4,'2023-12-02','2023-12-02','2023-12-02',1,'4.0',0,1),(5,'2023-12-02','2023-12-02','2023-12-02',1,'Vì học anh Thành',0,2),(6,'2023-12-02','2023-12-02','2023-12-02',1,'Vì học PC CÔNG :)',0,2);
/*!40000 ALTER TABLE `social_media_surveyquestionoption` ENABLE KEYS */;
UNLOCK TABLES;

--
-- Table structure for table `social_media_surveyquestionoption_survey_answer_option`
--

DROP TABLE IF EXISTS `social_media_surveyquestionoption_survey_answer_option`;
/*!40101 SET @saved_cs_client     = @@character_set_client */;
/*!50503 SET character_set_client = utf8mb4 */;
CREATE TABLE `social_media_surveyquestionoption_survey_answer_option` (
  `id` bigint NOT NULL AUTO_INCREMENT,
  `surveyquestionoption_id` bigint NOT NULL,
  `surveyanswer_id` bigint NOT NULL,
  PRIMARY KEY (`id`),
  UNIQUE KEY `social_media_surveyquest_surveyquestionoption_id__34ce768d_uniq` (`surveyquestionoption_id`,`surveyanswer_id`),
  KEY `social_media_surveyq_surveyanswer_id_532d159e_fk_social_me` (`surveyanswer_id`),
  CONSTRAINT `social_media_surveyq_surveyanswer_id_532d159e_fk_social_me` FOREIGN KEY (`surveyanswer_id`) REFERENCES `social_media_surveyanswer` (`id`),
  CONSTRAINT `social_media_surveyq_surveyquestionoption_92ef4249_fk_social_me` FOREIGN KEY (`surveyquestionoption_id`) REFERENCES `social_media_surveyquestionoption` (`id`)
) ENGINE=InnoDB AUTO_INCREMENT=4 DEFAULT CHARSET=utf8mb4 COLLATE=utf8mb4_unicode_ci;
/*!40101 SET character_set_client = @saved_cs_client */;

--
-- Dumping data for table `social_media_surveyquestionoption_survey_answer_option`
--

LOCK TABLES `social_media_surveyquestionoption_survey_answer_option` WRITE;
/*!40000 ALTER TABLE `social_media_surveyquestionoption_survey_answer_option` DISABLE KEYS */;
INSERT INTO `social_media_surveyquestionoption_survey_answer_option` VALUES (2,3,4),(3,4,4),(1,5,5);
/*!40000 ALTER TABLE `social_media_surveyquestionoption_survey_answer_option` ENABLE KEYS */;
UNLOCK TABLES;

--
-- Table structure for table `social_media_surveyquestiontype`
--

DROP TABLE IF EXISTS `social_media_surveyquestiontype`;
/*!40101 SET @saved_cs_client     = @@character_set_client */;
/*!50503 SET character_set_client = utf8mb4 */;
CREATE TABLE `social_media_surveyquestiontype` (
  `id` bigint NOT NULL AUTO_INCREMENT,
  `created_date` date DEFAULT NULL,
  `updated_date` date DEFAULT NULL,
  `deleted_date` date DEFAULT NULL,
  `active` tinyint(1) NOT NULL,
  `question_type_name` varchar(255) COLLATE utf8mb4_unicode_ci NOT NULL,
  PRIMARY KEY (`id`)
) ENGINE=InnoDB AUTO_INCREMENT=4 DEFAULT CHARSET=utf8mb4 COLLATE=utf8mb4_unicode_ci;
/*!40101 SET character_set_client = @saved_cs_client */;

--
-- Dumping data for table `social_media_surveyquestiontype`
--

LOCK TABLES `social_media_surveyquestiontype` WRITE;
/*!40000 ALTER TABLE `social_media_surveyquestiontype` DISABLE KEYS */;
INSERT INTO `social_media_surveyquestiontype` VALUES (1,'2023-12-02','2023-12-02','2023-12-02',1,'MULTIPLE CHOICE QUESTION'),(2,'2023-12-02','2023-12-02','2023-12-02',1,'INPUT TEXT QUESTION'),(3,'2023-12-02','2023-12-02','2023-12-02',1,'CHECKBOX QUESTION');
/*!40000 ALTER TABLE `social_media_surveyquestiontype` ENABLE KEYS */;
UNLOCK TABLES;

--
-- Table structure for table `social_media_surveyresponse`
--

DROP TABLE IF EXISTS `social_media_surveyresponse`;
/*!40101 SET @saved_cs_client     = @@character_set_client */;
/*!50503 SET character_set_client = utf8mb4 */;
CREATE TABLE `social_media_surveyresponse` (
  `id` bigint NOT NULL AUTO_INCREMENT,
  `created_date` date DEFAULT NULL,
  `updated_date` date DEFAULT NULL,
  `deleted_date` date DEFAULT NULL,
  `active` tinyint(1) NOT NULL,
  `post_survey_id` bigint NOT NULL,
  `account_id` bigint DEFAULT NULL,
  PRIMARY KEY (`id`),
  KEY `social_media_surveyr_post_survey_id_4c3aec1c_fk_social_me` (`post_survey_id`),
  KEY `social_media_surveyr_account_id_0098cd24_fk_social_me` (`account_id`),
  CONSTRAINT `social_media_surveyr_account_id_0098cd24_fk_social_me` FOREIGN KEY (`account_id`) REFERENCES `social_media_account` (`id`),
  CONSTRAINT `social_media_surveyr_post_survey_id_4c3aec1c_fk_social_me` FOREIGN KEY (`post_survey_id`) REFERENCES `social_media_postsurvey` (`id`)
) ENGINE=InnoDB AUTO_INCREMENT=2 DEFAULT CHARSET=utf8mb4 COLLATE=utf8mb4_unicode_ci;
/*!40101 SET character_set_client = @saved_cs_client */;

--
-- Dumping data for table `social_media_surveyresponse`
--

LOCK TABLES `social_media_surveyresponse` WRITE;
/*!40000 ALTER TABLE `social_media_surveyresponse` DISABLE KEYS */;
INSERT INTO `social_media_surveyresponse` VALUES (1,'2023-12-02','2023-12-02','2023-12-02',1,1,2);
/*!40000 ALTER TABLE `social_media_surveyresponse` ENABLE KEYS */;
UNLOCK TABLES;

--
-- Table structure for table `social_media_user`
--

DROP TABLE IF EXISTS `social_media_user`;
/*!40101 SET @saved_cs_client     = @@character_set_client */;
/*!50503 SET character_set_client = utf8mb4 */;
CREATE TABLE `social_media_user` (
  `id` bigint NOT NULL AUTO_INCREMENT,
  `password` varchar(128) COLLATE utf8mb4_unicode_ci NOT NULL,
  `last_login` datetime(6) DEFAULT NULL,
  `is_superuser` tinyint(1) NOT NULL,
  `username` varchar(150) COLLATE utf8mb4_unicode_ci NOT NULL,
  `first_name` varchar(150) COLLATE utf8mb4_unicode_ci NOT NULL,
  `last_name` varchar(150) COLLATE utf8mb4_unicode_ci NOT NULL,
  `email` varchar(254) COLLATE utf8mb4_unicode_ci NOT NULL,
  `is_staff` tinyint(1) NOT NULL,
  `is_active` tinyint(1) NOT NULL,
  `date_joined` datetime(6) NOT NULL,
  `confirm_status_id` bigint DEFAULT NULL,
  PRIMARY KEY (`id`),
  UNIQUE KEY `username` (`username`),
  KEY `social_media_user_confirm_status_id_2faf8343_fk_social_me` (`confirm_status_id`),
  CONSTRAINT `social_media_user_confirm_status_id_2faf8343_fk_social_me` FOREIGN KEY (`confirm_status_id`) REFERENCES `social_media_confirmstatus` (`id`)
) ENGINE=InnoDB AUTO_INCREMENT=10 DEFAULT CHARSET=utf8mb4 COLLATE=utf8mb4_unicode_ci;
/*!40101 SET character_set_client = @saved_cs_client */;

--
-- Dumping data for table `social_media_user`
--

LOCK TABLES `social_media_user` WRITE;
/*!40000 ALTER TABLE `social_media_user` DISABLE KEYS */;
INSERT INTO `social_media_user` VALUES (1,'pbkdf2_sha256$600000$2wYAvGMI58wUR4jfbF9Hs5$jxG3DTdYTZemo5oKYIgzmVSW91FdhbxowqxVuEZo5X8=','2023-12-05 09:35:28.836723',1,'admin','','','tuantran@gmail.com',1,1,'2023-12-01 18:04:49.275061',1),(2,'654321',NULL,0,'tuan1','Tuan','Tran','tuan1@gmail.com',0,1,'2023-12-02 08:39:37.000000',1),(3,'123456',NULL,0,'tuan2','Tuan 2','Tran','tuan2@gmail.com',0,1,'2023-12-02 09:37:01.000000',1),(4,'123',NULL,0,'tuan3','Tuan 3','Tran','tuan3@gmail.com',0,1,'2023-12-02 09:40:58.000000',1),(5,'123456',NULL,0,'tuanpasswordfails','Tuan 4','password','tuan4@gmail.com',0,1,'2023-12-07 10:34:31.000000',1),(6,'123456',NULL,0,'tuanpassword1','Tuan 5','Tran','tuan5@gmail.com',0,1,'2023-12-07 10:50:19.000000',1),(7,'pbkdf2_sha256$600000$YkfAul7vg60OJHoQqLFFko$L75Dbc72umE1LYSuy7SEMoVJsHb+CDQT6srpddZxaI4=',NULL,0,'postman','postman','postman','postman@gmail.com',0,0,'2023-12-07 15:30:00.123456',NULL),(8,'pbkdf2_sha256$600000$vlqLe1BNU6f0YF1TdG6Kan$WHVSVcbHaZ07dg1Ha4cq/GTLqjJUZmHjB1ij44gzhUQ=',NULL,0,'tuan6','Tuan 6','Tuan','tuan6@example.com',0,1,'2023-12-10 11:42:43.323435',NULL),(9,'pbkdf2_sha256$600000$6iyM47wsGvy9txISvvRGkB$HgxapVMM08GYlIrOuhR33iGxTlCnbo87PFI3nNjJx4Y=',NULL,0,'tuan7','Tuan 7','Tran','',0,1,'2023-12-10 11:44:01.087788',NULL);
/*!40000 ALTER TABLE `social_media_user` ENABLE KEYS */;
UNLOCK TABLES;

--
-- Table structure for table `social_media_user_groups`
--

DROP TABLE IF EXISTS `social_media_user_groups`;
/*!40101 SET @saved_cs_client     = @@character_set_client */;
/*!50503 SET character_set_client = utf8mb4 */;
CREATE TABLE `social_media_user_groups` (
  `id` bigint NOT NULL AUTO_INCREMENT,
  `user_id` bigint NOT NULL,
  `group_id` int NOT NULL,
  PRIMARY KEY (`id`),
  UNIQUE KEY `social_media_user_groups_user_id_group_id_38ce0124_uniq` (`user_id`,`group_id`),
  KEY `social_media_user_groups_group_id_90fc3bd1_fk_auth_group_id` (`group_id`),
  CONSTRAINT `social_media_user_gr_user_id_e05fbb9c_fk_social_me` FOREIGN KEY (`user_id`) REFERENCES `social_media_user` (`id`),
  CONSTRAINT `social_media_user_groups_group_id_90fc3bd1_fk_auth_group_id` FOREIGN KEY (`group_id`) REFERENCES `auth_group` (`id`)
) ENGINE=InnoDB DEFAULT CHARSET=utf8mb4 COLLATE=utf8mb4_unicode_ci;
/*!40101 SET character_set_client = @saved_cs_client */;

--
-- Dumping data for table `social_media_user_groups`
--

LOCK TABLES `social_media_user_groups` WRITE;
/*!40000 ALTER TABLE `social_media_user_groups` DISABLE KEYS */;
/*!40000 ALTER TABLE `social_media_user_groups` ENABLE KEYS */;
UNLOCK TABLES;

--
-- Table structure for table `social_media_user_user_permissions`
--

DROP TABLE IF EXISTS `social_media_user_user_permissions`;
/*!40101 SET @saved_cs_client     = @@character_set_client */;
/*!50503 SET character_set_client = utf8mb4 */;
CREATE TABLE `social_media_user_user_permissions` (
  `id` bigint NOT NULL AUTO_INCREMENT,
  `user_id` bigint NOT NULL,
  `permission_id` int NOT NULL,
  PRIMARY KEY (`id`),
  UNIQUE KEY `social_media_user_user_p_user_id_permission_id_272c2dba_uniq` (`user_id`,`permission_id`),
  KEY `social_media_user_us_permission_id_35577a9c_fk_auth_perm` (`permission_id`),
  CONSTRAINT `social_media_user_us_permission_id_35577a9c_fk_auth_perm` FOREIGN KEY (`permission_id`) REFERENCES `auth_permission` (`id`),
  CONSTRAINT `social_media_user_us_user_id_cb9d5f23_fk_social_me` FOREIGN KEY (`user_id`) REFERENCES `social_media_user` (`id`)
) ENGINE=InnoDB DEFAULT CHARSET=utf8mb4 COLLATE=utf8mb4_unicode_ci;
/*!40101 SET character_set_client = @saved_cs_client */;

--
-- Dumping data for table `social_media_user_user_permissions`
--

LOCK TABLES `social_media_user_user_permissions` WRITE;
/*!40000 ALTER TABLE `social_media_user_user_permissions` DISABLE KEYS */;
/*!40000 ALTER TABLE `social_media_user_user_permissions` ENABLE KEYS */;
UNLOCK TABLES;
/*!40103 SET TIME_ZONE=@OLD_TIME_ZONE */;

/*!40101 SET SQL_MODE=@OLD_SQL_MODE */;
/*!40014 SET FOREIGN_KEY_CHECKS=@OLD_FOREIGN_KEY_CHECKS */;
/*!40014 SET UNIQUE_CHECKS=@OLD_UNIQUE_CHECKS */;
/*!40101 SET CHARACTER_SET_CLIENT=@OLD_CHARACTER_SET_CLIENT */;
/*!40101 SET CHARACTER_SET_RESULTS=@OLD_CHARACTER_SET_RESULTS */;
/*!40101 SET COLLATION_CONNECTION=@OLD_COLLATION_CONNECTION */;
/*!40111 SET SQL_NOTES=@OLD_SQL_NOTES */;

-- Dump completed on 2023-12-12 20:42:03
